Acholeplasma,Acidaminococcus,Acinetobacter,Actinomyces,Akkermansia,Alistipes,Anaerobiospirillum,Anaerococcus,Anaerofilum,Anaerostipes,Anaerotruncus,Bacillus,Bacteroides,Barnesiella,Bifidobacterium,Blautia,Butyricimonas,Butyrivibrio,Christensenella,Clavibacter,Clostridium,Collinsella,Coprococcus,Corynebacterium,Desulfovibrio,Dialister,Dorea,Eggerthella,Enterococcus,Erysipelatoclostridium,Escherichia,Ethanoligenens,Eubacterium,Faecalibacterium,Flavobacterium,Gemella,Granulicatella,Haemophilus,Hespellia,Holdemanella,Jejuia,Kandleria,Lachnoclostridium,Lactobacillus,Lactococcus,Megasphaera,Methanobrevibacter,Micrococcus,Odoribacter,Oscillibacter,Paenibacillus,Parabacteroides,Paraprevotella,Peptoniphilus,Porphyromonas,Prevotella,Roseburia,Ruminiclostridium,Ruminococcus,Spiroplasma,Sporobacter,Staphylococcus,Streptococcus,Sutterella,Syntrophobacter,Veillonella,loaded_uid,host_age,sex,BMI,country
0.0170801,0.00427004,0.00427004,0.0427004,4.01811,3.33063,0.00427004,0.00427004,0.00854007,0.00854007,0.768607,0.952218,11.7682,0.128101,1.23404,0.798497,0.0298903,0.0597805,1.88736,0.209232,0.290363,0.384303,0.0854007,0.128101,0.0427004,0.0640506,0.0427004,0.307443,0.0768607,0.807037,0.140911,0.111021,0.273282,1.15718,0.0213502,0.102481,0.00854007,0.157991,0.0170801,0.0213502,0.0213502,0.00854007,0.0512404,0.166531,0.0512404,0.00854007,1.69093,0.00427004,0.0170801,0.738716,0.0341603,1.48597,0.0640506,0.0170801,0.0213502,0.815577,0.0427004,2.19053,0.465434,0.149451,0.866818,0.0555105,0.610615,0.0811307,0.00427004,0.00854007,24121.0,49.0,Female,,New Zealand
0.00637471,0.0127494,0.00637471,0.0191241,4.32205,0.905208,0.00637471,0.0318735,0.00637471,0.0191241,0.140244,3.35309,18.6906,0.063747,3.92682,6.84643,0.0318735,0.0892459,0.0318735,0.140244,2.46064,2.45426,0.478103,0.00637471,0.0127494,0.10837,0.191241,0.0318735,2.1674,0.465353,0.00637471,0.0701218,0.580098,0.97533,0.0127494,0.0191241,0.0254988,0.0127494,0.0191241,2.32039,0.0254988,0.0254988,0.0382482,3.04711,0.152993,0.101995,0.0191241,0.00637471,0.10837,0.152993,0.00637471,0.490852,0.0509976,0.0127494,0.0127494,0.197616,0.0956206,3.04711,2.32677,0.0318735,0.0446229,0.822337,2.35227,0.0318735,0.0701218,0.0573723,24122.0,,,,New Zealand
